Workbook
Name GeocodeAddressColumn_Oct20ScreenshotAddress: #REF!
Name GeocodeAddressColumn_GoodTableCapture: 'Good Table Capture'!$E$1

Sheet Good Table Live
A1: Restaurant Link and Name | B1: Price Range | C1: Price Range Values | D1: Payment Methods | E1: Address | F1: Images | G1: Ratings | H1: Rating Number Estimate
A2: =IFERROR(__xludf.DUMMYFUNCTION("IMPORTXML('URLs and Paths'!B1,'URLs and Paths'!B3)"),"https://www.restomontreal.ca/resto/sham-mont-royal-montreal/18037/en/") -> https://www.restomontreal.ca/resto/sham-mont-royal-montreal/18037/en/
A3: =IFERROR(__xludf.DUMMYFUNCTION("""COMPUTED_VALUE""")," Sham Mont-Royal ") -> Sham Mont-Royal | B3: =IFERROR(__xludf.DUMMYFUNCTION("IMPORTXML(A2,'URLs and Paths'!$B$4)"),"$$") -> $$ | C3: =IFS(B3="$", 10, B3="$$", 25, B3="$$$", 37.5, B3="$ & $$", 17.5, B3="$ & $$$", 23.75, B3="$$ & $$$", 31.25 ) -> 25 | D3: =IFERROR(__xludf.DUMMYFUNCTION("IMPORTXML(A2,'URLs and Paths'!$B$5)")," Master Card, Visa, AMEX, Interac, Mobile Payment, Contactless Payment") -> Master Card, Visa, AMEX, Interac, Mobile Payment, Contactless Payment | E3: =IFERROR(__xludf.DUMMYFUNCTION("IMPORTXML(A2,'URLs and Paths'!$B$6)"),"1371 Avenue Mont-Royal E, Montreal, H2J 1Y8") -> 1371 Avenue Mont-Royal E, Montreal, H2J 1Y8 | F3: =IFERROR(__xludf.DUMMYFUNCTION("IMAGE(IMPORTXML(A2,'URLs and Paths'!$B$7))"),"") | G3: =TEXTJOIN(",",TRUE,A4:A8) -> fas fa-star search star-rating,fas fa-star search star-rating,fas fa-star search star-rating,fas fa-star search star-rating,fas fa-star search star-rating | H3: =IFS(G3 = 'URLs and Paths'!$D$3,5, G3='URLs and Paths'!$D$4, 4.5, G3='URLs and Paths'!$D$5, 4, G3='URLs and Paths'!$D$6, 3.5, G3='URLs and Paths'!$D$7, 3, G3='URLs and Paths'!$D$8, 2.5, G3='URLs and Paths'!$D$9, 2, G3='URLs and Paths'!$D$10, 1.5, G3='URLs and Paths'!$D$11, 1) -> 5
A4: =IFERROR(__xludf.DUMMYFUNCTION("""COMPUTED_VALUE"""),"fas fa-star search star-rating") -> fas fa-star search star-rating
A5: =IFERROR(__xludf.DUMMYFUNCTION("""COMPUTED_VALUE"""),"fas fa-star search star-rating") -> fas fa-star search star-rating
A6: =IFERROR(__xludf.DUMMYFUNCTION("""COMPUTED_VALUE"""),"fas fa-star search star-rating") -> fas fa-star search star-rating
A7: =IFERROR(__xludf.DUMMYFUNCTION("""COMPUTED_VALUE"""),"fas fa-star search star-rating") -> fas fa-star search star-rating
A8: =IFERROR(__xludf.DUMMYFUNCTION("""COMPUTED_VALUE"""),"fas fa-star search star-rating") -> fas fa-star search star-rating
A9: =IFERROR(__xludf.DUMMYFUNCTION("""COMPUTED_VALUE"""),"https://www.restomontreal.ca/resto/le-mekong-montreal/12927/en/") -> https://www.restomontreal.ca/resto/le-mekong-montreal/12927/en/
A10: =IFERROR(__xludf.DUMMYFUNCTION("""COMPUTED_VALUE""")," Le Mekong ") -> Le Mekong | B10: =IFERROR(__xludf.DUMMYFUNCTION("IMPORTXML(A9,'URLs and Paths'!$B$4)"),"$ & $$") -> $ & $$ | C10: =IFS(B10="$", 10, B10="$$", 25, B10="$$$", 37.5, B10="$ & $$", 17.5, B10="$ & $$$", 23.75, B10="$$ & $$$", 31.25 ) -> 17.5 | D10: =IFERROR(__xludf.DUMMYFUNCTION("IMPORTXML(A9,'URLs and Paths'!$B$5)"),"Loading...") -> Loading... | E10: =IFERROR(__xludf.DUMMYFUNCTION("IMPORTXML(A9,'URLs and Paths'!$B$6)"),"921 Avenue Mont-Royal E, Montreal, H2J 1X3") -> 921 Avenue Mont-Royal E, Montreal, H2J 1X3 | F10: =IFERROR(__xludf.DUMMYFUNCTION("IMAGE(IMPORTXML(A9,'URLs and Paths'!$B$7))"),"") | G10: =TEXTJOIN(",",TRUE,A11:A15) -> fas fa-star search star-rating,fas fa-star search star-rating,fas fa-star search star-rating,fas fa-star search star-rating,fas fa-star-half search star-rating | H10: =IFS(G10 = 'URLs and Paths'!$D$3,5, G10='URLs and Paths'!$D$4, 4.5, G10='URLs and Paths'!$D$5, 4, G10='URLs and Paths'!$D$6, 3.5, G10='URLs and Paths'!$D$7, 3, G10='URLs and Paths'!$D$8, 2.5, G10='URLs and Paths'!$D$9, 2, G10='URLs and Paths'!$D$10, 1.5, G10='URLs and Paths'!$D$11, 1) -> 4.5
A11: =IFERROR(__xludf.DUMMYFUNCTION("""COMPUTED_VALUE"""),"fas fa-star search star-rating") -> fas fa-star search star-rating
A12: =IFERROR(__xludf.DUMMYFUNCTION("""COMPUTED_VALUE"""),"fas fa-star search star-rating") -> fas fa-star search star-rating
A13: =IFERROR(__xludf.DUMMYFUNCTION("""COMPUTED_VALUE"""),"fas fa-star search star-rating") -> fas fa-star search star-rating
A14: =IFERROR(__xludf.DUMMYFUNCTION("""COMPUTED_VALUE"""),"fas fa-star search star-rating") -> fas fa-star search star-rating
A15: =IFERROR(__xludf.DUMMYFUNCTION("""COMPUTED_VALUE"""),"fas fa-star-half search star-rating") -> fas fa-star-half search star-rating
A16: =IFERROR(__xludf.DUMMYFUNCTION("""COMPUTED_VALUE"""),"https://www.restomontreal.ca/resto/viva-restaurant-bar-montreal/17184/en/") -> https://www.restomontreal.ca/resto/viva-restaurant-bar-montreal/17184/en/
A17: =IFERROR(__xludf.DUMMYFUNCTION("""COMPUTED_VALUE""")," Viva Restaurant + Bar ") -> Viva Restaurant + Bar | B17: =IFERROR(__xludf.DUMMYFUNCTION("IMPORTXML(A16,'URLs and Paths'!$B$4)"),"$$ & $$$") -> $$ & $$$ | C17: =IFS(B17="$", 10, B17="$$", 25, B17="$$$", 37.5, B17="$ & $$", 17.5, B17="$ & $$$", 23.75, B17="$$ & $$$", 31.25 ) -> 31.25 | D17: =IFERROR(__xludf.DUMMYFUNCTION("IMPORTXML(A16,'URLs and Paths'!$B$5)")," Master Card, Visa, Interac, Mobile Payment, Contactless Payment") -> Master Card, Visa, Interac, Mobile Payment, Contactless Payment | E17: =IFERROR(__xludf.DUMMYFUNCTION("IMPORTXML(A16,'URLs and Paths'!$B$6)"),"107 Rue Rachel E, Montreal, H2W 1C8") -> 107 Rue Rachel E, Montreal, H2W 1C8 | F17: =IFERROR(__xludf.DUMMYFUNCTION("IMAGE(IMPORTXML(A16,'URLs and Paths'!$B$7))"),"") | G17: =TEXTJOIN(",",TRUE,A18:A22) -> fas fa-star search star-rating,fas fa-star search star-rating,fas fa-star search star-rating,fas fa-star search star-rating,fas fa-star search star-rating | H17: =IFS(G17 = 'URLs and Paths'!$D$3,5, G17='URLs and Paths'!$D$4, 4.5, G17='URLs and Paths'!$D$5, 4, G17='URLs and Paths'!$D$6, 3.5, G17='URLs and Paths'!$D$7, 3, G17='URLs and Paths'!$D$8, 2.5, G17='URLs and Paths'!$D$9, 2, G17='URLs and Paths'!$D$10, 1.5, G17='URLs and Paths'!$D$11, 1) -> 5
A18: =IFERROR(__xludf.DUMMYFUNCTION("""COMPUTED_VALUE"""),"fas fa-star search star-rating") -> fas fa-star search star-rating
A19: =IFERROR(__xludf.DUMMYFUNCTION("""COMPUTED_VALUE"""),"fas fa-star search star-rating") -> fas fa-star search star-rating
A20: =IFERROR(__xludf.DUMMYFUNCTION("""COMPUTED_VALUE"""),"fas fa-star search star-rating") -> fas fa-star search star-rating
A21: =IFERROR(__xludf.DUMMYFUNCTION("""COMPUTED_VALUE"""),"fas fa-star search star-rating") -> fas fa-star search star-rating
A22: =IFERROR(__xludf.DUMMYFUNCTION("""COMPUTED_VALUE"""),"fas fa-star search star-rating") -> fas fa-star search star-rating
A23: =IFERROR(__xludf.DUMMYFUNCTION("""COMPUTED_VALUE"""),"https://www.restomontreal.ca/resto/chez-doval-montreal/1547/en/") -> https://www.restomontreal.ca/resto/chez-doval-montreal/1547/en/
A24: =IFERROR(__xludf.DUMMYFUNCTION("""COMPUTED_VALUE""")," Chez Doval ") -> Chez Doval | B24: =IFERROR(__xludf.DUMMYFUNCTION("IMPORTXML(A23,'URLs and Paths'!$B$4)"),"Loading...") -> Loading... | C24: =IFS(B24="$", 10, B24="$$", 25, B24="$$$", 37.5, B24="$ & $$", 17.5, B24="$ & $$$", 23.75, B24="$$ & $$$", 31.25 ) -> Loading... | D24: =IFERROR(__xludf.DUMMYFUNCTION("IMPORTXML(A23,'URLs and Paths'!$B$5)"),"Loading...") -> Loading... | E24: =IFERROR(__xludf.DUMMYFUNCTION("IMPORTXML(A23,'URLs and Paths'!$B$6)"),"Loading...") -> Loading... | F24: =IFERROR(__xludf.DUMMYFUNCTION("IMAGE(IMPORTXML(A23,'URLs and Paths'!$B$7))"),"Loading...") -> Loading... | G24: =TEXTJOIN(",",TRUE,A25:A29) -> fas fa-star search star-rating,fas fa-star search star-rating,fas fa-star search star-rating,fas fa-star search star-rating,fas fa-star-half search star-rating | H24: =IFS(G24 = 'URLs and Paths'!$D$3,5, G24='URLs and Paths'!$D$4, 4.5, G24='URLs and Paths'!$D$5, 4, G24='URLs and Paths'!$D$6, 3.5, G24='URLs and Paths'!$D$7, 3, G24='URLs and Paths'!$D$8, 2.5, G24='URLs and Paths'!$D$9, 2, G24='URLs and Paths'!$D$10, 1.5, G24='URLs and Paths'!$D$11, 1) -> 4.5
A25: =IFERROR(__xludf.DUMMYFUNCTION("""COMPUTED_VALUE"""),"fas fa-star search star-rating") -> fas fa-star search star-rating
A26: =IFERROR(__xludf.DUMMYFUNCTION("""COMPUTED_VALUE"""),"fas fa-star search star-rating") -> fas fa-star search star-rating
A27: =IFERROR(__xludf.DUMMYFUNCTION("""COMPUTED_VALUE"""),"fas fa-star search star-rating") -> fas fa-star search star-rating
A28: =IFERROR(__xludf.DUMMYFUNCTION("""COMPUTED_VALUE"""),"fas fa-star search star-rating") -> fas fa-star search star-rating
A29: =IFERROR(__xludf.DUMMYFUNCTION("""COMPUTED_VALUE"""),"fas fa-star-half search star-rating") -> fas fa-star-half search star-rating
A30: =IFERROR(__xludf.DUMMYFUNCTION("""COMPUTED_VALUE"""),"https://www.restomontreal.ca/resto/cuisine-pronto-mtl-montreal/10534/en/") -> https://www.restomontreal.ca/resto/cuisine-pronto-mtl-montreal/10534/en/
A31: =IFERROR(__xludf.DUMMYFUNCTION("""COMPUTED_VALUE""")," Cuisine Pronto MTL ") -> Cuisine Pronto MTL | B31: =IFERROR(__xludf.DUMMYFUNCTION("IMPORTXML(A30,'URLs and Paths'!$B$4)"),"Loading...") -> Loading... | C31: =IFS(B31="$", 10, B31="$$", 25, B31="$$$", 37.5, B31="$ & $$", 17.5, B31="$ & $$$", 23.75, B31="$$ & $$$", 31.25 ) -> Loading... | D31: =IFERROR(__xludf.DUMMYFUNCTION("IMPORTXML(A30,'URLs and Paths'!$B$5)"),"Loading...") -> Loading... | E31: =IFERROR(__xludf.DUMMYFUNCTION("IMPORTXML(A30,'URLs and Paths'!$B$6)"),"2025 Avenue Mont-Royal E, Montreal, H2H 1J7") -> 2025 Avenue Mont-Royal E, Montreal, H2H 1J7 | F31: =IFERROR(__xludf.DUMMYFUNCTION("IMAGE(IMPORTXML(A30,'URLs and Paths'!$B$7))"),"Loading...") -> Loading... | G31: =TEXTJOIN(",",TRUE,A32:A36) -> fas fa-star search star-rating,fas fa-star search star-rating,fas fa-star search star-rating,fas fa-star search star-rating,fas fa-star-half search star-rating | H31: =IFS(G31 = 'URLs and Paths'!$D$3,5, G31='URLs and Paths'!$D$4, 4.5, G31='URLs and Paths'!$D$5, 4, G31='URLs and Paths'!$D$6, 3.5, G31='URLs and Paths'!$D$7, 3, G31='URLs and Paths'!$D$8, 2.5, G31='URLs and Paths'!$D$9, 2, G31='URLs and Paths'!$D$10, 1.5, G31='URLs and Paths'!$D$11, 1) -> 4.5
A32: =IFERROR(__xludf.DUMMYFUNCTION("""COMPUTED_VALUE"""),"fas fa-star search star-rating") -> fas fa-star search star-rating
A33: =IFERROR(__xludf.DUMMYFUNCTION("""COMPUTED_VALUE"""),"fas fa-star search star-rating") -> fas fa-star search star-rating
A34: =IFERROR(__xludf.DUMMYFUNCTION("""COMPUTED_VALUE"""),"fas fa-star search star-rating") -> fas fa-star search star-rating
A35: =IFERROR(__xludf.DUMMYFUNCTION("""COMPUTED_VALUE"""),"fas fa-star search star-rating") -> fas fa-star search star-rating
A36: =IFERROR(__xludf.DUMMYFUNCTION("""COMPUTED_VALUE"""),"fas fa-star-half search star-rating") -> fas fa-star-half search star-rating
A37: =IFERROR(__xludf.DUMMYFUNCTION("""COMPUTED_VALUE"""),"https://www.restomontreal.ca/resto/le-virunga-montreal/10928/en/") -> https://www.restomontreal.ca/resto/le-virunga-montreal/10928/en/
A38: =IFERROR(__xludf.DUMMYFUNCTION("""COMPUTED_VALUE""")," Le Virunga ") -> Le Virunga | B38: =IFERROR(__xludf.DUMMYFUNCTION("IMPORTXML(A37,'URLs and Paths'!$B$4)"),"Loading...") -> Loading... | C38: =IFS(B38="$", 10, B38="$$", 25, B38="$$$", 37.5, B38="$ & $$", 17.5, B38="$ & $$$", 23.75, B38="$$ & $$$", 31.25 ) -> Loading... | D38: =IFERROR(__xludf.DUMMYFUNCTION("IMPORTXML(A37,'URLs and Paths'!$B$5)"),"Loading...") -> Loading... | E38: =IFERROR(__xludf.DUMMYFUNCTION("IMPORTXML(A37,'URLs and Paths'!$B$6)"),"Loading...") -> Loading... | F38: =IFERROR(__xludf.DUMMYFUNCTION("IMAGE(IMPORTXML(A37,'URLs and Paths'!$B$7))"),"Loading...") -> Loading... | G38: =TEXTJOIN(",",TRUE,A39:A43) -> fas fa-star search star-rating,fas fa-star search star-rating,fas fa-star search star-rating,fas fa-star search star-rating,fas fa-star search star-rating | H38: =IFS(G38 = 'URLs and Paths'!$D$3,5, G38='URLs and Paths'!$D$4, 4.5, G38='URLs and Paths'!$D$5, 4, G38='URLs and Paths'!$D$6, 3.5, G38='URLs and Paths'!$D$7, 3, G38='URLs and Paths'!$D$8, 2.5, G38='URLs and Paths'!$D$9, 2, G38='URLs and Paths'!$D$10, 1.5, G38='URLs and Paths'!$D$11, 1) -> 5
A39: =IFERROR(__xludf.DUMMYFUNCTION("""COMPUTED_VALUE"""),"fas fa-star search star-rating") -> fas fa-star search star-rating
A40: =IFERROR(__xludf.DUMMYFUNCTION("""COMPUTED_VALUE"""),"fas fa-star search star-rating") -> fas fa-star search star-rating
A41: =IFERROR(__xludf.DUMMYFUNCTION("""COMPUTED_VALUE"""),"fas fa-star search star-rating") -> fas fa-star search star-rating
A42: =IFERROR(__xludf.DUMMYFUNCTION("""COMPUTED_VALUE"""),"fas fa-star search star-rating") -> fas fa-star search star-rating
A43: =IFERROR(__xludf.DUMMYFUNCTION("""COMPUTED_VALUE"""),"fas fa-star search star-rating") -> fas fa-star search star-rating
A44: =IFERROR(__xludf.DUMMYFUNCTION("""COMPUTED_VALUE"""),"https://www.restomontreal.ca/resto/le-nil-bleu-montreal/1427/en/") -> https://www.restomontreal.ca/resto/le-nil-bleu-montreal/1427/en/
A45: =IFERROR(__xludf.DUMMYFUNCTION("""COMPUTED_VALUE""")," Le Nil Bleu ") -> Le Nil Bleu | B45: =IFERROR(__xludf.DUMMYFUNCTION("IMPORTXML(A44,'URLs and Paths'!$B$4)"),"Loading...") -> Loading... | C45: =IFS(B45="$", 10, B45="$$", 25, B45="$$$", 37.5, B45="$ & $$", 17.5, B45="$ & $$$", 23.75, B45="$$ & $$$", 31.25 ) -> Loading... | D45: =IFERROR(__xludf.DUMMYFUNCTION("IMPORTXML(A44,'URLs and Paths'!$B$5)"),"Loading...") -> Loading... | E45: =IFERROR(__xludf.DUMMYFUNCTION("IMPORTXML(A44,'URLs and Paths'!$B$6)"),"Loading...") -> Loading... | F45: =IFERROR(__xludf.DUMMYFUNCTION("IMAGE(IMPORTXML(A44,'URLs and Paths'!$B$7))"),"Loading...") -> Loading... | G45: =TEXTJOIN(",",TRUE,A46:A50) -> fas fa-star search star-rating,fas fa-star search star-rating,fas fa-star search star-rating,fas fa-star search star-rating,fas fa-star search star-rating | H45: =IFS(G45 = 'URLs and Paths'!$D$3,5, G45='URLs and Paths'!$D$4, 4.5, G45='URLs and Paths'!$D$5, 4, G45='URLs and Paths'!$D$6, 3.5, G45='URLs and Paths'!$D$7, 3, G45='URLs and Paths'!$D$8, 2.5, G45='URLs and Paths'!$D$9, 2, G45='URLs and Paths'!$D$10, 1.5, G45='URLs and Paths'!$D$11, 1) -> 5
A46: =IFERROR(__xludf.DUMMYFUNCTION("""COMPUTED_VALUE"""),"fas fa-star search star-rating") -> fas fa-star search star-rating
A47: =IFERROR(__xludf.DUMMYFUNCTION("""COMPUTED_VALUE"""),"fas fa-star search star-rating") -> fas fa-star search star-rating
A48: =IFERROR(__xludf.DUMMYFUNCTION("""COMPUTED_VALUE"""),"fas fa-star search star-rating") -> fas fa-star search star-rating
A49: =IFERROR(__xludf.DUMMYFUNCTION("""COMPUTED_VALUE"""),"fas fa-star search star-rating") -> fas fa-star search star-rating
A50: =IFERROR(__xludf.DUMMYFUNCTION("""COMPUTED_VALUE"""),"fas fa-star search star-rating") -> fas fa-star search star-rating
A51: =IFERROR(__xludf.DUMMYFUNCTION("""COMPUTED_VALUE"""),"https://www.restomontreal.ca/resto/aiko-sushi-montreal/4362/en/") -> https://www.restomontreal.ca/resto/aiko-sushi-montreal/4362/en/
A52: =IFERROR(__xludf.DUMMYFUNCTION("""COMPUTED_VALUE""")," Aiko Sushi ") -> Aiko Sushi | B52: =IFERROR(__xludf.DUMMYFUNCTION("IMPORTXML(A51,'URLs and Paths'!$B$4)"),"$") -> $ | C52: =IFS(B52="$", 10, B52="$$", 25, B52="$$$", 37.5, B52="$ & $$", 17.5, B52="$ & $$$", 23.75, B52="$$ & $$$", 31.25 ) -> 10 | D52: =IFERROR(__xludf.DUMMYFUNCTION("IMPORTXML(A51,'URLs and Paths'!$B$5)")," Master Card, Visa, Interac") -> Master Card, Visa, Interac | E52: =IFERROR(__xludf.DUMMYFUNCTION("IMPORTXML(A51,'URLs and Paths'!$B$6)"),"1680 Avenue du Mont-Royal E, Montreal, H2J 1Z5") -> 1680 Avenue du Mont-Royal E, Montreal, H2J 1Z5 | F52: =IFERROR(__xludf.DUMMYFUNCTION("IMAGE(IMPORTXML(A51,'URLs and Paths'!$B$7))"),"") | G52: =TEXTJOIN(",",TRUE,A53:A57) -> fas fa-star search star-rating,fas fa-star search star-rating,fas fa-star search star-rating,fas fa-star search star-rating,fas fa-star-half search star-rating | H52: =IFS(G52 = 'URLs and Paths'!$D$3,5, G52='URLs and Paths'!$D$4, 4.5, G52='URLs and Paths'!$D$5, 4, G52='URLs and Paths'!$D$6, 3.5, G52='URLs and Paths'!$D$7, 3, G52='URLs and Paths'!$D$8, 2.5, G52='URLs and Paths'!$D$9, 2, G52='URLs and Paths'!$D$10, 1.5, G52='URLs and Paths'!$D$11, 1) -> 4.5
A53: =IFERROR(__xludf.DUMMYFUNCTION("""COMPUTED_VALUE"""),"fas fa-star search star-rating") -> fas fa-star search star-rating
A54: =IFERROR(__xludf.DUMMYFUNCTION("""COMPUTED_VALUE"""),"fas fa-star search star-rating") -> fas fa-star search star-rating
A55: =IFERROR(__xludf.DUMMYFUNCTION("""COMPUTED_VALUE"""),"fas fa-star search star-rating") -> fas fa-star search star-rating
A56: =IFERROR(__xludf.DUMMYFUNCTION("""COMPUTED_VALUE"""),"fas fa-star search star-rating") -> fas fa-star search star-rating
A57: =IFERROR(__xludf.DUMMYFUNCTION("""COMPUTED_VALUE"""),"fas fa-star-half search star-rating") -> fas fa-star-half search star-rating
A58: =IFERROR(__xludf.DUMMYFUNCTION("""COMPUTED_VALUE"""),"https://www.restomontreal.ca/resto/comptoir-barranco-cafe-sandwicherie-montreal/15035/en/") -> https://www.restomontreal.ca/resto/comptoir-barranco-cafe-sandwicherie-montreal/15035/en/
A59: =IFERROR(__xludf.DUMMYFUNCTION("""COMPUTED_VALUE""")," Comptoir Barranco Café Sandwicherie ") -> Comptoir Barranco Café Sandwicherie | B59: =IFERROR(__xludf.DUMMYFUNCTION("IMPORTXML(A58,'URLs and Paths'!$B$4)"),"Loading...") -> Loading... | C59: =IFS(B59="$", 10, B59="$$", 25, B59="$$$", 37.5, B59="$ & $$", 17.5, B59="$ & $$$", 23.75, B59="$$ & $$$", 31.25 ) -> Loading... | D59: =IFERROR(__xludf.DUMMYFUNCTION("IMPORTXML(A58,'URLs and Paths'!$B$5)"),"Loading...") -> Loading... | E59: =IFERROR(__xludf.DUMMYFUNCTION("IMPORTXML(A58,'URLs and Paths'!$B$6)"),"Loading...") -> Loading... | F59: =IFERROR(__xludf.DUMMYFUNCTION("IMAGE(IMPORTXML(A58,'URLs and Paths'!$B$7))"),"Loading...") -> Loading... | G59: =TEXTJOIN(",",TRUE,A60:A64) -> fas fa-star search star-rating,fas fa-star search star-rating,fas fa-star search star-rating,fas fa-star search star-rating,fas fa-star search star-rating | H59: =IFS(G59 = 'URLs and Paths'!$D$3,5, G59='URLs and Paths'!$D$4, 4.5, G59='URLs and Paths'!$D$5, 4, G59='URLs and Paths'!$D$6, 3.5, G59='URLs and Paths'!$D$7, 3, G59='URLs and Paths'!$D$8, 2.5, G59='URLs and Paths'!$D$9, 2, G59='URLs and Paths'!$D$10, 1.5, G59='URLs and Paths'!$D$11, 1) -> 5
A60: =IFERROR(__xludf.DUMMYFUNCTION("""COMPUTED_VALUE"""),"fas fa-star search star-rating") -> fas fa-star search star-rating
A61: =IFERROR(__xludf.DUMMYFUNCTION("""COMPUTED_VALUE"""),"fas fa-star search star-rating") -> fas fa-star search star-rating
A62: =IFERROR(__xludf.DUMMYFUNCTION("""COMPUTED_VALUE"""),"fas fa-star search star-rating") -> fas fa-star search star-rating
A63: =IFERROR(__xludf.DUMMYFUNCTION("""COMPUTED_VALUE"""),"fas fa-star search star-rating") -> fas fa-star search star-rating
A64: =IFERROR(__xludf.DUMMYFUNCTION("""COMPUTED_VALUE"""),"fas fa-star search star-rating") -> fas fa-star search star-rating
A65: =IFERROR(__xludf.DUMMYFUNCTION("""COMPUTED_VALUE"""),"https://www.restomontreal.ca/resto/amber-montreal/14101/en/") -> https://www.restomontreal.ca/resto/amber-montreal/14101/en/
A66: =IFERROR(__xludf.DUMMYFUNCTION("""COMPUTED_VALUE""")," Amber ") -> Amber | B66: =IFERROR(__xludf.DUMMYFUNCTION("IMPORTXML(A65,'URLs and Paths'!$B$4)"),"Loading...") -> Loading... | C66: =IFS(B66="$", 10, B66="$$", 25, B66="$$$", 37.5, B66="$ & $$", 17.5, B66="$ & $$$", 23.75, B66="$$ & $$$", 31.25 ) -> Loading... | D66: =IFERROR(__xludf.DUMMYFUNCTION("IMPORTXML(A65,'URLs and Paths'!$B$5)"),"Loading...") -> Loading... | E66: =IFERROR(__xludf.DUMMYFUNCTION("IMPORTXML(A65,'URLs and Paths'!$B$6)"),"Loading...") -> Loading... | F66: =IFERROR(__xludf.DUMMYFUNCTION("IMAGE(IMPORTXML(A65,'URLs and Paths'!$B$7))"),"Loading...") -> Loading... | G66: =TEXTJOIN(",",TRUE,A67:A71) -> fas fa-star search star-rating,fas fa-star search star-rating,fas fa-star search star-rating,fas fa-star search star-rating,fas fa-star search star-rating | H66: =IFS(G66 = 'URLs and Paths'!$D$3,5, G66='URLs and Paths'!$D$4, 4.5, G66='URLs and Paths'!$D$5, 4, G66='URLs and Paths'!$D$6, 3.5, G66='URLs and Paths'!$D$7, 3, G66='URLs and Paths'!$D$8, 2.5, G66='URLs and Paths'!$D$9, 2, G66='URLs and Paths'!$D$10, 1.5, G66='URLs and Paths'!$D$11, 1) -> 5
A67: =IFERROR(__xludf.DUMMYFUNCTION("""COMPUTED_VALUE"""),"fas fa-star search star-rating") -> fas fa-star search star-rating
A68: =IFERROR(__xludf.DUMMYFUNCTION("""COMPUTED_VALUE"""),"fas fa-star search star-rating") -> fas fa-star search star-rating
A69: =IFERROR(__xludf.DUMMYFUNCTION("""COMPUTED_VALUE"""),"fas fa-star search star-rating") -> fas fa-star search star-rating
A70: =IFERROR(__xludf.DUMMYFUNCTION("""COMPUTED_VALUE"""),"fas fa-star search star-rating") -> fas fa-star search star-rating
A71: =IFERROR(__xludf.DUMMYFUNCTION("""COMPUTED_VALUE"""),"fas fa-star search star-rating") -> fas fa-star search star-rating
A72: =IFERROR(__xludf.DUMMYFUNCTION("""COMPUTED_VALUE"""),"https://www.restomontreal.ca/resto/la-maison-grecque-montreal/1288/en/") -> https://www.restomontreal.ca/resto/la-maison-grecque-montreal/1288/en/
A73: =IFERROR(__xludf.DUMMYFUNCTION("""COMPUTED_VALUE""")," La Maison Grecque ") -> La Maison Grecque | B73: =IFERROR(__xludf.DUMMYFUNCTION("IMPORTXML(A72,'URLs and Paths'!$B$4)"),"Loading...") -> Loading... | C73: =IFS(B73="$", 10, B73="$$", 25, B73="$$$", 37.5, B73="$ & $$", 17.5, B73="$ & $$$", 23.75, B73="$$ & $$$", 31.25 ) -> Loading... | D73: =IFERROR(__xludf.DUMMYFUNCTION("IMPORTXML(A72,'URLs and Paths'!$B$5)"),"Loading...") -> Loading... | E73: =IFERROR(__xludf.DUMMYFUNCTION("IMPORTXML(A72,'URLs and Paths'!$B$6)"),"Loading...") -> Loading... | F73: =IFERROR(__xludf.DUMMYFUNCTION("IMAGE(IMPORTXML(A72,'URLs and Paths'!$B$7))"),"Loading...") -> Loading... | G73: =TEXTJOIN(",",TRUE,A74:A78) -> fas fa-star search star-rating,fas fa-star search star-rating,fas fa-star search star-rating,fas fa-star search star-rating,fas fa-star-half search star-rating | H73: =IFS(G73 = 'URLs and Paths'!$D$3,5, G73='URLs and Paths'!$D$4, 4.5, G73='URLs and Paths'!$D$5, 4, G73='URLs and Paths'!$D$6, 3.5, G73='URLs and Paths'!$D$7, 3, G73='URLs and Paths'!$D$8, 2.5, G73='URLs and Paths'!$D$9, 2, G73='URLs and Paths'!$D$10, 1.5, G73='URLs and Paths'!$D$11, 1) -> 4.5
A74: =IFERROR(__xludf.DUMMYFUNCTION("""COMPUTED_VALUE"""),"fas fa-star search star-rating") -> fas fa-star search star-rating
A75: =IFERROR(__xludf.DUMMYFUNCTION("""COMPUTED_VALUE"""),"fas fa-star search star-rating") -> fas fa-star search star-rating
A76: =IFERROR(__xludf.DUMMYFUNCTION("""COMPUTED_VALUE"""),"fas fa-star search star-rating") -> fas fa-star search star-rating
A77: =IFERROR(__xludf.DUMMYFUNCTION("""COMPUTED_VALUE"""),"fas fa-star search star-rating") -> fas fa-star search star-rating
A78: =IFERROR(__xludf.DUMMYFUNCTION("""COMPUTED_VALUE"""),"fas fa-star-half search star-rating") -> fas fa-star-half search star-rating
A79: =IFERROR(__xludf.DUMMYFUNCTION("""COMPUTED_VALUE"""),"https://www.restomontreal.ca/resto/panuozzo-montreal/14632/en/") -> https://www.restomontreal.ca/resto/panuozzo-montreal/14632/en/
A80: =IFERROR(__xludf.DUMMYFUNCTION("""COMPUTED_VALUE""")," Panuozzo ") -> Panuozzo | B80: =IFERROR(__xludf.DUMMYFUNCTION("IMPORTXML(A79,'URLs and Paths'!$B$4)"),"$ & $$") -> $ & $$ | C80: =IFS(B80="$", 10, B80="$$", 25, B80="$$$", 37.5, B80="$ & $$", 17.5, B80="$ & $$$", 23.75, B80="$$ & $$$", 31.25 ) -> 17.5 | D80: =IFERROR(__xludf.DUMMYFUNCTION("IMPORTXML(A79,'URLs and Paths'!$B$5)")," Master Card, Visa, AMEX, Interac") -> Master Card, Visa, AMEX, Interac | E80: =IFERROR(__xludf.DUMMYFUNCTION("IMPORTXML(A79,'URLs and Paths'!$B$6)"),"3820 Boulevard St-Laurent, Montreal, H2W 1X6") -> 3820 Boulevard St-Laurent, Montreal, H2W 1X6 | F80: =IFERROR(__xludf.DUMMYFUNCTION("IMAGE(IMPORTXML(A79,'URLs and Paths'!$B$7))"),"") | G80: =TEXTJOIN(",",TRUE,A81:A85) -> fas fa-star search star-rating,fas fa-star search star-rating,fas fa-star search star-rating,fas fa-star search star-rating,fas fa-star-half search star-rating | H80: =IFS(G80 = 'URLs and Paths'!$D$3,5, G80='URLs and Paths'!$D$4, 4.5, G80='URLs and Paths'!$D$5, 4, G80='URLs and Paths'!$D$6, 3.5, G80='URLs and Paths'!$D$7, 3, G80='URLs and Paths'!$D$8, 2.5, G80='URLs and Paths'!$D$9, 2, G80='URLs and Paths'!$D$10, 1.5, G80='URLs and Paths'!$D$11, 1) -> 4.5
A81: =IFERROR(__xludf.DUMMYFUNCTION("""COMPUTED_VALUE"""),"fas fa-star search star-rating") -> fas fa-star search star-rating
A82: =IFERROR(__xludf.DUMMYFUNCTION("""COMPUTED_VALUE"""),"fas fa-star search star-rating") -> fas fa-star search star-rating
A83: =IFERROR(__xludf.DUMMYFUNCTION("""COMPUTED_VALUE"""),"fas fa-star search star-rating") -> fas fa-star search star-rating
A84: =IFERROR(__xludf.DUMMYFUNCTION("""COMPUTED_VALUE"""),"fas fa-star search star-rating") -> fas fa-star search star-rating
A85: =IFERROR(__xludf.DUMMYFUNCTION("""COMPUTED_VALUE"""),"fas fa-star-half search star-rating") -> fas fa-star-half search star-rating
A86: =IFERROR(__xludf.DUMMYFUNCTION("""COMPUTED_VALUE"""),"https://www.restomontreal.ca/resto/resto-bar-nemo-montreal/17375/en/") -> https://www.restomontreal.ca/resto/resto-bar-nemo-montreal/17375/en/
A87: =IFERROR(__xludf.DUMMYFUNCTION("""COMPUTED_VALUE""")," Resto Bar Nemo ") -> Resto Bar Nemo | B87: =IFERROR(__xludf.DUMMYFUNCTION("IMPORTXML(A86,'URLs and Paths'!$B$4)"),"$ & $$") -> $ & $$ | C87: =IFS(B87="$", 10, B87="$$", 25, B87="$$$", 37.5, B87="$ & $$", 17.5, B87="$ & $$$", 23.75, B87="$$ & $$$", 31.25 ) -> 17.5 | D87: =IFERROR(__xludf.DUMMYFUNCTION("IMPORTXML(A86,'URLs and Paths'!$B$5)")," Master Card, Visa, AMEX, Interac, Mobile Payment, Contactless Payment") -> Master Card, Visa, AMEX, Interac, Mobile Payment, Contactless Payment | E87: =IFERROR(__xludf.DUMMYFUNCTION("IMPORTXML(A86,'URLs and Paths'!$B$6)"),"64 Rue Prince-Arthur E, Montreal, H2X 1B3") -> 64 Rue Prince-Arthur E, Montreal, H2X 1B3 | F87: =IFERROR(__xludf.DUMMYFUNCTION("IMAGE(IMPORTXML(A86,'URLs and Paths'!$B$7))"),"") | G87: =TEXTJOIN(",",TRUE,A88:A92) -> fas fa-star search star-rating,fas fa-star search star-rating,fas fa-star search star-rating,fas fa-star search star-rating,fas fa-star search star-rating | H87: =IFS(G87 = 'URLs and Paths'!$D$3,5, G87='URLs and Paths'!$D$4, 4.5, G87='URLs and Paths'!$D$5, 4, G87='URLs and Paths'!$D$6, 3.5, G87='URLs and Paths'!$D$7, 3, G87='URLs and Paths'!$D$8, 2.5, G87='URLs and Paths'!$D$9, 2, G87='URLs and Paths'!$D$10, 1.5, G87='URLs and Paths'!$D$11, 1) -> 5
A88: =IFERROR(__xludf.DUMMYFUNCTION("""COMPUTED_VALUE"""),"fas fa-star search star-rating") -> fas fa-star search star-rating
A89: =IFERROR(__xludf.DUMMYFUNCTION("""COMPUTED_VALUE"""),"fas fa-star search star-rating") -> fas fa-star search star-rating
A90: =IFERROR(__xludf.DUMMYFUNCTION("""COMPUTED_VALUE"""),"fas fa-star search star-rating") -> fas fa-star search star-rating
A91: =IFERROR(__xludf.DUMMYFUNCTION("""COMPUTED_VALUE"""),"fas fa-star search star-rating") -> fas fa-star search star-rating
A92: =IFERROR(__xludf.DUMMYFUNCTION("""COMPUTED_VALUE"""),"fas fa-star search star-rating") -> fas fa-star search star-rating
A93: =IFERROR(__xludf.DUMMYFUNCTION("""COMPUTED_VALUE"""),"https://www.restomontreal.ca/resto/thailande-montreal/1741/en/") -> https://www.restomontreal.ca/resto/thailande-montreal/1741/en/
A94: =IFERROR(__xludf.DUMMYFUNCTION("""COMPUTED_VALUE""")," Thailande ") -> Thailande | B94: =IFERROR(__xludf.DUMMYFUNCTION("IMPORTXML(A93,'URLs and Paths'!$B$4)"),"$$") -> $$ | C94: =IFS(B94="$", 10, B94="$$", 25, B94="$$$", 37.5, B94="$ & $$", 17.5, B94="$ & $$$", 23.75, B94="$$ & $$$", 31.25 ) -> 25 | D94: =IFERROR(__xludf.DUMMYFUNCTION("IMPORTXML(A93,'URLs and Paths'!$B$5)")," Master Card, Visa, AMEX, Interac") -> Master Card, Visa, AMEX, Interac | E94: =IFERROR(__xludf.DUMMYFUNCTION("IMPORTXML(A93,'URLs and Paths'!$B$6)"),"88 Avenue Bernard O, Montreal, H2T 2J8") -> 88 Avenue Bernard O, Montreal, H2T 2J8 | F94: =IFERROR(__xludf.DUMMYFUNCTION("IMAGE(IMPORTXML(A93,'URLs and Paths'!$B$7))"),"") | G94: =TEXTJOIN(",",TRUE,A95:A99) -> fas fa-star search star-rating,fas fa-star search star-rating,fas fa-star search star-rating,fas fa-star search star-rating,fas fa-star-half search star-rating | H94: =IFS(G94 = 'URLs and Paths'!$D$3,5, G94='URLs and Paths'!$D$4, 4.5, G94='URLs and Paths'!$D$5, 4, G94='URLs and Paths'!$D$6, 3.5, G94='URLs and Paths'!$D$7, 3, G94='URLs and Paths'!$D$8, 2.5, G94='URLs and Paths'!$D$9, 2, G94='URLs and Paths'!$D$10, 1.5, G94='URLs and Paths'!$D$11, 1) -> 4.5
A95: =IFERROR(__xludf.DUMMYFUNCTION("""COMPUTED_VALUE"""),"fas fa-star search star-rating") -> fas fa-star search star-rating
A96: =IFERROR(__xludf.DUMMYFUNCTION("""COMPUTED_VALUE"""),"fas fa-star search star-rating") -> fas fa-star search star-rating
A97: =IFERROR(__xludf.DUMMYFUNCTION("""COMPUTED_VALUE"""),"fas fa-star search star-rating") -> fas fa-star search star-rating
A98: =IFERROR(__xludf.DUMMYFUNCTION("""COMPUTED_VALUE"""),"fas fa-star search star-rating") -> fas fa-star search star-rating
A99: =IFERROR(__xludf.DUMMYFUNCTION("""COMPUTED_VALUE"""),"fas fa-star-half search star-rating") -> fas fa-star-half search star-rating
A100: =IFERROR(__xludf.DUMMYFUNCTION("""COMPUTED_VALUE"""),"https://www.restomontreal.ca/resto/la-banquise-montreal/2499/en/") -> https://www.restomontreal.ca/resto/la-banquise-montreal/2499/en/
...

Sheet URLs and Paths
A1: General URL: | B1: https://www.restomontreal.ca/restaurants/?q=le-plateau&d=22&lang=en
D2: Possible Star Rating Output Combinations | E2: Translated Numerical Value
A3: Restaurant Names, URLs, and Star Ratings: | B3: //div[@class='search-result']//span[contains(@id, 'searchname')]/a/text()|//div[@class='search-result']//span[contains(@id, 'searchname')]/a/@href|//div[@class='search-result']//span[contains(@class,'star-rating')]/@class | D3: fas fa-star search star-rating,fas fa-star search star-rating,fas fa-star search star-rating,fas fa-star search star-rating,fas fa-star search star-rating | E3: 5
A4: Restaurant Price Range: | B4: //*[@id="restaurant-profile"]/div[2]/div/div[1]/div[1]/div/div[1]/div/div[2]/div[1]//span[@class="restaurant-price"]/text() | D4: fas fa-star search star-rating,fas fa-star search star-rating,fas fa-star search star-rating,fas fa-star search star-rating,fas fa-star-half search star-rating | E4: 4.5
A5: Payment Methods: | B5: //*[@id="restaurant-profile"]/div[2]/div/div[1]/div[3]/span[@class="mb10 fs-small"]/text() | D5: fas fa-star search star-rating,fas fa-star search star-rating,fas fa-star search star-rating,fas fa-star search star-rating,fal fa-star star-rating | E5: 4
A6: Address: | B6: //*[@id="directions-tracker-2"]/span/text() | D6: fas fa-star search star-rating,fas fa-star search star-rating,fas fa-star search star-rating,fas fa-star-half search star-rating,fal fa-star star-rating | E6: 3.5
A7: Images: | B7: //*[@id="restaurant-profile"]/div[2]/div/div[1]/div[1]/div/div[1]/div/div[2]/div[2]/a/img/@data-src | D7: fas fa-star search star-rating,fas fa-star search star-rating,fas fa-star search star-rating,fal fa-star star-rating,fal fa-star star-rating | E7: 3
D8: fas fa-star search star-rating,fas fa-star search star-rating,fas fa-star-half search star-rating,fal fa-star star-rating,fal fa-star star-rating | E8: 2.5
D9: fas fa-star search star-rating,fas fa-star search star-rating,fal fa-star star-rating,fal fa-star star-rating,fal fa-star star-rating | E9: 2
D10: fas fa-star search star-rating,fas fa-star-half search star-rating,fal fa-star star-rating,fal fa-star star-rating,fal fa-star star-rating | E10: 1.5
D11: fas fa-star search star-rating,fal fa-star star-rating,fal fa-star star-rating,fal fa-star star-rating,fal fa-star star-rating | E11: 1
A12: Step-By-Step: | B12: Step 1) - Extract the unique restaurant names, URLs, and star ratings for each establishment listed on the main website page. - These restaurants were filtered to the Plateau Region. - The General URlL and Retaurant Names, URLs, and Star Ratings query were used (created using the inspect and copy XPath commands on our computers)
B13: Step 2) - In a new “Price Range” column, the price range icons were then scraped using the freshly extracted unique restaurant URL and “Restaurant Price Range” query above. - This output provided information formatted like $$$.
B14: Step 3) - In a new “Price Range Value Column", the price range icons were then translated to an approximate monetary value (CAD). - To do this, an IFS expression was used to evaluate multiple conditions. | C14: Step 3 IFS Equation: IFS(B3="$", 10, B3="$$", 25, B3="$$$", 37.5, B3="$ & $$", 17.5, B3="$ & $$$", 23.75, B3="$$ & $$$", 31.25)
B15: Step 4) - In a new “Payment Methods” column, the accepted forms of payment were listed. - To scrape this data, the unique restaurant URL and Payment Methods query were utilized.
B16: Step 5) - In a new “Address” column, the address, city, and postal code of each restaurant was scrapped. - These cells used the unique restaurant URLs and the “Address” query.
B17: Step 6) - In a new “Images” column, the logo graphics for each restaurant was extracted. - These cells used the unique restaurant URLs and the “Images” query. - To display the images within the google sheet, the function IMAGE was wrapped around the IMPORTXML function. | C17: IMAGE(IMPORTXML())
B18: Step 7) - In a new "Ratings" column, the star ratings extracted in step 1 were reformatted using the TEXTJOIN function. | C18: TEXTJOIN(",", TRUE, CELLS)
B19: Step 8) - In a new “Rating Number Estimate” column, the results of step 7 were assigned a value using the IFS function. - Text within the cells of step 7 were compared to those in cells D3:D11 on this sheet | C19: Step 8 IFS Equation: IFS(G3 = 'URLs and Paths'!$D$3,5, G3='URLs and Paths'!$D$4, 4.5, G3='URLs and Paths'!$D$5, 4, G3='URLs and Paths'!$D$6, 3.5, G3='URLs and Paths'!$D$7, 3, G3='URLs and Paths'!$D$8, 2.5, G3='URLs and Paths'!$D$9, 2, G3='URLs and Paths'!$D$10, 1.5, G3='URLs and Paths'!$D$11, 1)
D39: =IFERROR(__xludf.DUMMYFUNCTION("TEXTJOIN("","", TRUE, IMPORTXML(B1,B8))"),"#VALUE!") -> #VALUE!

Sheet Good Table Capture
A1: Restaurant Names | B1: Price Range | C1: Price Range Values | D1: Payment Methods | E1: Address | F1: Latitude | G1: Longitude | H1: Logos | I1: Rating Value
A2: https://www.restomontreal.ca/resto/caribou-gourmand-montreal/10879/en/
A3: Caribou Gourmand | B3: $$ & $$$ | C3: 31.25 | D3: Master Card, Visa, Interac | E3: 5308 Boulevard St-Laurent, Montreal, H2T 1S1 | F3: 45.524438 | G3: -73.596378 | I3: 4.5
A4: https://www.restomontreal.ca/resto/thailande-montreal/1741/en/
A5: Thailande | B5: $$ | C5: 25 | D5: Master Card, Visa, AMEX, Interac | E5: 88 Avenue Bernard O, Montreal, H2T 2J8 | F5: 45.526256 | G5: -73.602985 | I5: 4.5
A6: https://www.restomontreal.ca/resto/josephine-montreal/12440/en/
A7: Joséphine | B7: $$ & $$$ | C7: 31.25 | D7: Master Card, Visa, AMEX, Interac | E7: 4007 Rue Saint-Denis, Montreal, H2W 2M4 | F7: 45.520846 | G7: -73.575569 | I7: 5
A8: https://www.restomontreal.ca/resto/bistro-co-ut-montreal/13205/en/
A9: Bistro CO ÚT | B9: $ & $$ | C9: 17.5 | D9: Master Card, Visa, AMEX, Interac | E9: 3807 Rue St-André, Montreal, H2L 3V9 | F9: 45.521892 | G9: -73.570211 | I9: 5
A10: https://www.restomontreal.ca/resto/la-belle-coree-montreal/12815/en/
A11: La Belle Corée | B11: $ | C11: 10 | D11: Master Card, Visa, Interac | E11: 101 Avenue Fairmount O., Montreal, H2T 2M4 | F11: 45.52262 | G11: -73.595842 | I11: 4.5
A12: https://www.restomontreal.ca/resto/sham-mont-royal-montreal/18037/en/
A13: Sham Mont-Royal | B13: $$ | C13: 25 | D13: Master Card, Visa, AMEX, Interac, Mobile Payment, Contactless Payment | E13: 1371 Avenue Mont-Royal E, Montreal, H2J 1Y8 | F13: 45.530606 | G13: -73.577013 | I13: 5
A14: https://www.restomontreal.ca/resto/la-maison-grecque-montreal/1288/en/
A15: La Maison Grecque | B15: $$ | C15: 25 | D15: Master Card, Visa, Interac | E15: 450 Avenue Duluth E, Montreal, H2L 1A5 | F15: 45.521371 | G15: -73.575149 | I15: 4.5
A16: https://www.restomontreal.ca/resto/la-petite-marche-montreal/1099/en/
A17: La Petite Marche | B17: $ & $$ | C17: 17.5 | D17: Master Card, Visa, Interac | E17: 5035 Rue Saint-Denis, Montreal, H2J 2L9 | F17: 45.526746 | G17: -73.588648 | I17: 4.5
A18: https://www.restomontreal.ca/resto/zeez-montreal/17534/en/
A19: ZEEZ | B19: $ | C19: 10 | D19: Master Card, Visa, AMEX, Interac, Mobile Payment, Contactless Payment | E19: 19 Avenue Mont-Royal E, Montreal, H2T 1N4 | F19: 45.520465 | G19: -73.586269 | I19: 5
A20: https://www.restomontreal.ca/resto/comptoir-barranco-cafe-sandwicherie-montreal/15035/en/
A21: Comptoir Barranco Café Sandwicherie | B21: $ | C21: 10 | D21: Master Card, Visa, AMEX, Interac | E21: 4552 Rue Saint-Denis, Montreal, H2J 2L3 | F21: 45.524197 | G21: -73.583993 | I21: 5
A22: https://www.restomontreal.ca/resto/birbante-montreal/19732/en/
A23: Birbante | B23: $$ & $$$ | C23: 31.25 | E23: 5386 Boulevard St-Laurent, Montreal, H2T 1S1 | F23: 45.524948 | G23: -73.59739 | I23: 5
A24: https://www.restomontreal.ca/resto/frite-alors-montreal/747/en/
A25: Frite Alors! | B25: $ | C25: 10 | D25: Master Card, Visa, Interac | E25: 433 Rue Rachel E, Montreal, H2J 2G8 | F25: 45.522375 | G25: -73.577919 | I25: 4.5
A26: https://www.restomontreal.ca/resto/bar-judinstrom-montreal/21167/en/
A27: Bar Judinstrom | B27: $$ | C27: 25 | D27: Master Card, Visa, AMEX, Interac, Mobile Payment, Contactless Payment | E27: 3922 Rue St-Denis, Montreal, H2W 2M2 | F27: 45.519903 | G27: -73.574364 | I27: 5
A28: https://www.restomontreal.ca/resto/la-banquise-montreal/2499/en/
A29: La Banquise | B29: $ & $$ | C29: 17.5 | D29: Interac, ATM machine | E29: 994 Rue Rachel E., Montreal, H2J 2J3 | F29: 45.525312 | G29: -73.574672 | I29: 4.5
A30: https://www.restomontreal.ca/resto/la-panzeria-montreal/15036/en/
A31: La Panzeria | B31: $ & $$ | C31: 17.5 | D31: Master Card, Visa, AMEX, Interac, Mobile Payment, Contactless Payment | E31: 4084 Rue Saint-Denis, Montreal, H2W 2M5 | F31: 45.520861 | G31: -73.576626 | I31: 5
A32: https://www.restomontreal.ca/resto/restaurant-manana-montreal/4996/en/
A33: Restaurant Manana | B33: $ | C33: 10 | D33: Master Card, Visa, AMEX, Interac | E33: 3605 Rue Saint-Denis, Montreal, H2X 3L6 | F33: 45.518002 | G33: -73.569333 | I33: 5
A34: https://www.restomontreal.ca/resto/artigiani-pizzeria-cucina-montreal/1889/en/
A35: Artigiani Pizzeria Cucina | B35: $ & $$ | C35: 17.5 | D35: Master Card, Visa, Interac | E35: 4657 Rue Saint-Denis, Montreal, H2J 2L5 | F35: 45.525016 | G35: -73.584779 | I35: 5
A36: https://www.restomontreal.ca/resto/india-rosa-plateau-montreal/12593/en/
A37: India Rosa Plateau | B37: $$ & $$$ | C37: 31.25 | D37: Master Card, Visa, AMEX, Interac, Mobile Payment, Contactless Payment | E37: 1241 Avenue Mont Royal E, Montreal, H2J 1Y2 | F37: 45.529253 | G37: -73.578392 | I37: 5
A38: https://www.restomontreal.ca/resto/balbastik-montreal/19518/en/
A39: Balbastik | B39: $ | C39: 10 | D39: Master Card, Visa, Interac, Mobile Payment | E39: 209 Avenue Fairmount O, Montreal, H2T 3E2 | F39: 45.521295 | G39: -73.597054 | I39: 5
A40: https://www.restomontreal.ca/resto/mirazu-montreal/12230/en/
A41: Mirazu | B41: $ & $$ | C41: 17.5 | D41: Master Card, Visa, Interac | E41: 5215 Boulevard St-Laurent, Montreal, H2T 1S4 | F41: 45.524138 | G41: -73.594818 | I41: 5
A42: https://www.restomontreal.ca/resto/ohana-sushi-vegan-montreal/13339/en/
A43: Ohana Sushi Vegan | B43: $ | C43: 10 | D43: Master Card, Visa, Interac | E43: 330 Avenue Mont-Royal E, Montreal, H2T 1P8 | F43: 45.523238 | G43: -73.583334 | I43: 5
A44: https://www.restomontreal.ca/resto/le-ravito-cafe-buvette-montreal/19594/en/
A45: Le RAVITO Café-Buvette | B45: $ & $$ | C45: 17.5 | E45: 4051 Rue St-Hubert, Montreal, H2L 4A7 | F45: 45.522635 | G45: -73.574298 | I45: 4.5
A46: https://www.restomontreal.ca/resto/bistro-guru-montreal/8344/en/
A47: Bistro GURU | B47: $$ & $$$ | C47: 31.25 | D47: =IFERROR(__xludf.DUMMYFUNCTION("IMPORTXML(A46,'URLs and Paths'!$B$5)")," Master Card, Visa, Interac") -> Master Card, Visa, Interac | E47: 3464 Rue Saint-Denis, Montreal, H2X 3L3 | F47: 45.517267 | G47: -73.568705 | I47: 5
A48: https://www.restomontreal.ca/resto/pamika-thai-montreal/5855/en/
A49: Pamika Thai | B49: $$ | C49: 25 | E49: 4902 Boulevard St-Laurent, Montreal, H2T 1R5 | F49: 45.522149 | G49: -73.59111 | I49: 4.5
A50: https://www.restomontreal.ca/resto/boca-iberica-montreal/4885/en/
A51: BOCA Iberica | B51: $$ | C51: 25 | D51: Master Card, Visa, AMEX, Interac | E51: 12 Rue Rachel O, Montreal, H2W 1G1 | F51: 45.517576 | G51: -73.581772 | I51: 5
A52: https://www.restomontreal.ca/resto/aux-lilas-montreal/2349/en/
A53: Aux Lilas | B53: $ & $$ | C53: 17.5 | D53: Master Card, Visa, Interac | E53: 5570 Avenue du Parc, Montreal, H2V 4H1 | F53: 45.522282 | G53: -73.602832 | I53: 5
A54: https://www.restomontreal.ca/resto/point-bar-montreal/17196/en/
A55: Point Bar | B55: $ & $$ | C55: 17.5 | D55: Master Card, Visa, AMEX, Interac, Mobile Payment, Contactless Payment | E55: 2017 Rue St-Denis, Montreal, H2X 3K8 | F55: 45.516237 | G55: -73.565631 | I55: 4
A56: https://www.restomontreal.ca/resto/saint-sushi-montreal/6343/en/
A57: Saint Sushi | B57: $$ | C57: 25 | D57: Master Card, Visa, AMEX, Interac | E57: 424 Avenue Duluth E, Montreal, H2W 2M3 | F57: 45.521118 | G57: -73.575357 | I57: 5
A58: https://www.restomontreal.ca/resto/resto-bar-nemo-montreal/17375/en/
A59: Resto Bar Nemo | B59: $ & $$ | C59: 17.5 | D59: Master Card, Visa, AMEX, Interac, Mobile Payment, Contactless Payment | E59: 64 Rue Prince-Arthur E, Montreal, H2X 1B3 | F59: 45.514488 | G59: -73.571846 | I59: 5
A60: https://www.restomontreal.ca/resto/mckibbins-irish-pub-montreal/3367/en/
A61: McKibbins Irish Pub | B61: $ | C61: 10 | D61: Master Card, Visa, AMEX, Interac, ATM machine | E61: 3515 Boulevard St Laurent, Montreal, H2X 2T6 | F61: 45.513499 | G61: -73.571102 | I61: 4.5
A62: https://www.restomontreal.ca/resto/rutba-montreal/17845/en/
A63: Rutba | B63: $$ | C63: 25 | E63: 3633 Boulevard St-Laurent, Montreal, H2X 2V5 | F63: 45.514378 | G63: -73.573165 | I63: 5
A64: https://www.restomontreal.ca/resto/el-lounge-resto-bar-montreal/17209/en/
A65: El Lounge Resto-Bar | B65: $$ & $$$ | C65: 31.25 | D65: Master Card, Visa, AMEX, Interac, Mobile Payment, Contactless Payment | E65: 1735 Saint Denis St, Montreal, Quebec H2X 3K4 | F65: 45.515751 | G65: -73.564437 | I65: 5
A66: https://www.restomontreal.ca/resto/mlle-rosa-montreal/18265/en/
A67: Mlle Rosa | B67: $$ & $$$ | C67: 31.25 | E67: 1233 Avenue Mont-Royal E, Montreal, H2J 1Y2 | F67: 45.529238 | G67: -73.578403 | I67: 4.5
A68: https://www.restomontreal.ca/resto/levidence-montreal/2985/en/
A69: L'Évidence | B69: $ | C69: 10 | D69: Master Card, Visa, Interac | E69: 3817 Rue Saint-Denis, Montreal, H2W 2M4 | F69: 45.519634 | G69: -73.572848 | I69: 4.5
A70: https://www.restomontreal.ca/resto/sandhu-montreal/1936/en/
A71: Sandhu | B71: $$ | C71: 25 | D71: Master Card, Visa, AMEX, Interac, ATM machine | E71: 4548 Avenue Papineau, Montreal, H2H 1V3 | F71: 45.533167 | G71: -73.575574 | I71: 4.5
A72: https://www.restomontreal.ca/resto/snatch-restaurant-montreal/14069/en/
A73: Snatch Restaurant | B73: $ | C73: 10 | D73: Master Card, Visa, AMEX, Interac | E73: 4675 Boulevard St-Laurent, Montreal, H2T 1R2 | F73: 45.521527 | G73: -73.589125 | I73: 5
A74: https://www.restomontreal.ca/resto/cafe-buvette-magnolia-montreal/18139/en/
A75: Café buvette Magnolia | B75: $$ | C75: 25 | D75: Master Card, Visa, AMEX, Interac, Mobile Payment, Contactless Payment | E75: 187 Avenue Mont-Royal E, Montreal, H2T 1P2 | F75: 45.522117 | G75: -73.584829 | I75: 4.5
A76: https://www.restomontreal.ca/resto/la-selva-restaurant-mexicain-montreal/1640/en/
A77: La Selva Restaurant Mexicain | B77: $ | C77: 10 | D77: Master Card, Visa, AMEX, Interac | E77: 862 Rue Marie-Anne E, Montreal, H2J 2A9 | F77: 45.525193 | G77: -73.57817 | I77: 5
A78: https://www.restomontreal.ca/resto/ibericos-taverne-a-tapas-espagnoles-montreal/11112/en/
A79: Ibéricos Taverne à Tapas Espagnoles | B79: $ & $$ | C79: 17.5 | E79: 4475 Rue Saint-Denis, Montreal, H2J 2L2 | F79: 45.523935 | G79: -73.582341 | I79: 4.5
A80: https://www.restomontreal.ca/resto/le-ptit-plateau-montreal/1535/en/
A81: Le P'tit Plateau | B81: $$ | C81: 25 | D81: Master Card, Visa, AMEX, Interac | E81: 330 Rue Marie-Anne E, Montreal, H2W 1B1 | F81: 45.522214 | G81: -73.581027 | I81: 5
A82: https://www.restomontreal.ca/resto/pho-mont-royal-montreal/7460/en/
A83: Pho Mont-Royal | B83: $ | C83: 10 | D83: Master Card, Visa, Interac | E83: 1459 Avenue Mont-Royal, Montreal, H2J 1Y9 | F83: 45.531138 | G83: -73.576443 | I83: 5
A84: https://www.restomontreal.ca/resto/diablos-bbq-smokehouse-montreal/5160/en/
A85: Diablos BBQ Smokehouse | B85: $$ & $$$ | C85: 31.25 | D85: Master Card, Visa, Interac | E85: 17 Rue Prince-Arthur E, Montreal, H2X 1B2 | F85: 45.514339 | G85: -73.572407 | I85: 4.5
A86: https://www.restomontreal.ca/resto/loeufrier-montreal/2821/en/
A87: L'Oeufrier | B87: $ | C87: 10 | E87: 2017 Avenue du Mont-Royal E, Montreal, H2H 1J7 | F87: 45.534865 | G87: -73.573015 | I87: 4.5
A88: https://www.restomontreal.ca/resto/le-bleu-raisin-montreal/1720/en/
A89: Le Bleu Raisin | B89: $$$ | C89: 37.5 | D89: Master Card, Visa, Interac | E89: 5237 Rue Saint-Denis, Montreal, H2J 2M1 | F89: 45.528002 | G89: -73.59126 | I89: 5
A90: https://www.restomontreal.ca/resto/piel-canela-montreal/17811/en/
A91: Piel Canela | B91: $$ & $$$ | C91: 31.25 | D91: Master Card, Visa, AMEX, Interac, Mobile Payment, Contactless Payment | E91: 4542 Rue St-Denis, Montreal, H2J 2L3 | F91: 45.524189 | G91: -73.583753 | I91: 5
A92: https://www.restomontreal.ca/resto/cuisine-pronto-mtl-montreal/10534/en/
A93: Cuisine Pronto MTL | B93: $ | C93: 10 | D93: Master Card, Visa, AMEX, Interac, Mobile Payment, Contactless Payment | E93: =IFERROR(__xludf.DUMMYFUNCTION("IMPORTXML(A92,'URLs and Paths'!$B$6)"),"2025 Avenue Mont-Royal E, Montreal, H2H 1J7") -> 2025 Avenue Mont-Royal E, Montreal, H2H 1J7 | F93: 45.534972 | G93: -73.572913 | I93: 4.5
A94: https://www.restomontreal.ca/resto/rotisserie-coco-rico-montreal/12381/en/
A95: Rôtisserie Coco Rico | B95: $ & $$ | C95: 17.5 | D95: Master Card, Visa, AMEX, Interac, Mobile Payment, Contactless Payment | E95: =IFERROR(__xludf.DUMMYFUNCTION("IMPORTXML(A94,'URLs and Paths'!$B$6)"),"3907 Boulevard St-Laurent, Montreal, H2W 1X9") -> 3907 Boulevard St-Laurent, Montreal, H2W 1X9 | F95: 45.516458 | G95: -73.577665 | I95: 4.5
A96: https://www.restomontreal.ca/resto/coba-sushi-montreal/1522/en/
A97: Côba Sushi | B97: $$ & $$$ | C97: 31.25 | D97: Master Card, Visa, AMEX, Interac | E97: =IFERROR(__xludf.DUMMYFUNCTION("IMPORTXML(A96,'URLs and Paths'!$B$6)"),"1124 Avenue Laurier O, Montreal, H2V 2L4") -> 1124 Avenue Laurier O, Montreal, H2V 2L4 | F97: 45.517077 | G97: -73.597811 | I97: 5
A98: https://www.restomontreal.ca/resto/allo-mon-coco-montreal/10627/en/
A99: Allô mon Coco | D99: #N/A | E99: =IFERROR(__xludf.DUMMYFUNCTION("IMPORTXML(A98,'URLs and Paths'!$B$6)"),"Loading...") -> Loading... | F99: 45.519866 | G99: -73.58614 | I99: 4.5
A100: https://www.restomontreal.ca/resto/lobby-bar-espace-locatif-montreal/4406/en/
...

Sheet Sheet8
A1: name | B1: price | C1: avg_price | D1: payment_type | E1: address | F1: lat | G1: long | H1: rating
A2: Caribou Gourmand | B2: $$ & $$$ | C2: 31.25 | D2: Master Card, Visa, Interac | E2: 5308 Boulevard St-Laurent, Montreal, H2T 1S1 | F2: 45.524438 | G2: -73.596378 | H2: 4.5
A3: Thailande | B3: $$ | C3: 25 | D3: Master Card, Visa, AMEX, Interac | E3: 88 Avenue Bernard O, Montreal, H2T 2J8 | F3: 45.526256 | G3: -73.602985 | H3: 4.5
A4: Joséphine | B4: $$ & $$$ | C4: 31.25 | D4: Master Card, Visa, AMEX, Interac | E4: 4007 Rue Saint-Denis, Montreal, H2W 2M4 | F4: 45.520846 | G4: -73.575569 | H4: 5
A5: Bistro CO ÚT | B5: $ & $$ | C5: 17.5 | D5: Master Card, Visa, AMEX, Interac | E5: 3807 Rue St-André, Montreal, H2L 3V9 | F5: 45.521892 | G5: -73.570211 | H5: 5
A6: La Belle Corée | B6: $ | C6: 10 | D6: Master Card, Visa, Interac | E6: 101 Avenue Fairmount O., Montreal, H2T 2M4 | F6: 45.52262 | G6: -73.595842 | H6: 4.5
A7: Sham Mont-Royal | B7: $$ | C7: 25 | D7: Master Card, Visa, AMEX, Interac, Mobile Payment, Contactless Payment | E7: 1371 Avenue Mont-Royal E, Montreal, H2J 1Y8 | F7: 45.530606 | G7: -73.577013 | H7: 5
A8: La Maison Grecque | B8: $$ | C8: 25 | D8: Master Card, Visa, Interac | E8: 450 Avenue Duluth E, Montreal, H2L 1A5 | F8: 45.521371 | G8: -73.575149 | H8: 4.5
A9: La Petite Marche | B9: $ & $$ | C9: 17.5 | D9: Master Card, Visa, Interac | E9: 5035 Rue Saint-Denis, Montreal, H2J 2L9 | F9: 45.526746 | G9: -73.588648 | H9: 4.5
A10: ZEEZ | B10: $ | C10: 10 | D10: Master Card, Visa, AMEX, Interac, Mobile Payment, Contactless Payment | E10: 19 Avenue Mont-Royal E, Montreal, H2T 1N4 | F10: 45.520465 | G10: -73.586269 | H10: 5
A11: Comptoir Barranco Café Sandwicherie | B11: $ | C11: 10 | D11: Master Card, Visa, AMEX, Interac | E11: 4552 Rue Saint-Denis, Montreal, H2J 2L3 | F11: 45.524197 | G11: -73.583993 | H11: 5
A12: Birbante | B12: $$ & $$$ | C12: 31.25 | E12: 5386 Boulevard St-Laurent, Montreal, H2T 1S1 | F12: 45.524948 | G12: -73.59739 | H12: 5
A13: Frite Alors! | B13: $ | C13: 10 | D13: Master Card, Visa, Interac | E13: 433 Rue Rachel E, Montreal, H2J 2G8 | F13: 45.522375 | G13: -73.577919 | H13: 4.5
A14: Bar Judinstrom | B14: $$ | C14: 25 | D14: Master Card, Visa, AMEX, Interac, Mobile Payment, Contactless Payment | E14: 3922 Rue St-Denis, Montreal, H2W 2M2 | F14: 45.519903 | G14: -73.574364 | H14: 5
A15: La Banquise | B15: $ & $$ | C15: 17.5 | D15: Interac, ATM machine | E15: 994 Rue Rachel E., Montreal, H2J 2J3 | F15: 45.525312 | G15: -73.574672 | H15: 4.5
A16: La Panzeria | B16: $ & $$ | C16: 17.5 | D16: Master Card, Visa, AMEX, Interac, Mobile Payment, Contactless Payment | E16: 4084 Rue Saint-Denis, Montreal, H2W 2M5 | F16: 45.520861 | G16: -73.576626 | H16: 5
A17: Restaurant Manana | B17: $ | C17: 10 | D17: Master Card, Visa, AMEX, Interac | E17: 3605 Rue Saint-Denis, Montreal, H2X 3L6 | F17: 45.518002 | G17: -73.569333 | H17: 5
A18: Artigiani Pizzeria Cucina | B18: $ & $$ | C18: 17.5 | D18: Master Card, Visa, Interac | E18: 4657 Rue Saint-Denis, Montreal, H2J 2L5 | F18: 45.525016 | G18: -73.584779 | H18: 5
A19: India Rosa Plateau | B19: $$ & $$$ | C19: 31.25 | D19: Master Card, Visa, AMEX, Interac, Mobile Payment, Contactless Payment | E19: 1241 Avenue Mont Royal E, Montreal, H2J 1Y2 | F19: 45.529253 | G19: -73.578392 | H19: 5
A20: Balbastik | B20: $ | C20: 10 | D20: Master Card, Visa, Interac, Mobile Payment | E20: 209 Avenue Fairmount O, Montreal, H2T 3E2 | F20: 45.521295 | G20: -73.597054 | H20: 5
A21: Mirazu | B21: $ & $$ | C21: 17.5 | D21: Master Card, Visa, Interac | E21: 5215 Boulevard St-Laurent, Montreal, H2T 1S4 | F21: 45.524138 | G21: -73.594818 | H21: 5
A22: Ohana Sushi Vegan | B22: $ | C22: 10 | D22: Master Card, Visa, Interac | E22: 330 Avenue Mont-Royal E, Montreal, H2T 1P8 | F22: 45.523238 | G22: -73.583334 | H22: 5
A23: Le RAVITO Café-Buvette | B23: $ & $$ | C23: 17.5 | E23: 4051 Rue St-Hubert, Montreal, H2L 4A7 | F23: 45.522635 | G23: -73.574298 | H23: 4.5
A24: Bistro GURU | B24: $$ & $$$ | C24: 31.25 | D24: =IFERROR(__xludf.DUMMYFUNCTION("IMPORTXML(#REF!,'URLs and Paths'!$B$5)"),"#REF!") -> #REF! | E24: 3464 Rue Saint-Denis, Montreal, H2X 3L3 | F24: 45.517267 | G24: -73.568705 | H24: 5
A25: Pamika Thai | B25: $$ | C25: 25 | E25: 4902 Boulevard St-Laurent, Montreal, H2T 1R5 | F25: 45.522149 | G25: -73.59111 | H25: 4.5
A26: BOCA Iberica | B26: $$ | C26: 25 | D26: Master Card, Visa, AMEX, Interac | E26: 12 Rue Rachel O, Montreal, H2W 1G1 | F26: 45.517576 | G26: -73.581772 | H26: 5
A27: Aux Lilas | B27: $ & $$ | C27: 17.5 | D27: Master Card, Visa, Interac | E27: 5570 Avenue du Parc, Montreal, H2V 4H1 | F27: 45.522282 | G27: -73.602832 | H27: 5
A28: Point Bar | B28: $ & $$ | C28: 17.5 | D28: Master Card, Visa, AMEX, Interac, Mobile Payment, Contactless Payment | E28: 2017 Rue St-Denis, Montreal, H2X 3K8 | F28: 45.516237 | G28: -73.565631 | H28: 4
A29: Saint Sushi | B29: $$ | C29: 25 | D29: Master Card, Visa, AMEX, Interac | E29: 424 Avenue Duluth E, Montreal, H2W 2M3 | F29: 45.521118 | G29: -73.575357 | H29: 5
A30: Resto Bar Nemo | B30: $ & $$ | C30: 17.5 | D30: Master Card, Visa, AMEX, Interac, Mobile Payment, Contactless Payment | E30: 64 Rue Prince-Arthur E, Montreal, H2X 1B3 | F30: 45.514488 | G30: -73.571846 | H30: 5
A31: McKibbins Irish Pub | B31: $ | C31: 10 | D31: Master Card, Visa, AMEX, Interac, ATM machine | E31: 3515 Boulevard St Laurent, Montreal, H2X 2T6 | F31: 45.513499 | G31: -73.571102 | H31: 4.5
A32: Rutba | B32: $$ | C32: 25 | E32: 3633 Boulevard St-Laurent, Montreal, H2X 2V5 | F32: 45.514378 | G32: -73.573165 | H32: 5
A33: El Lounge Resto-Bar | B33: $$ & $$$ | C33: 31.25 | D33: Master Card, Visa, AMEX, Interac, Mobile Payment, Contactless Payment | E33: 1735 Saint Denis St, Montreal, Quebec H2X 3K4 | F33: 45.515751 | G33: -73.564437 | H33: 5
A34: Mlle Rosa | B34: $$ & $$$ | C34: 31.25 | E34: 1233 Avenue Mont-Royal E, Montreal, H2J 1Y2 | F34: 45.529238 | G34: -73.578403 | H34: 4.5
A35: L'Évidence | B35: $ | C35: 10 | D35: Master Card, Visa, Interac | E35: 3817 Rue Saint-Denis, Montreal, H2W 2M4 | F35: 45.519634 | G35: -73.572848 | H35: 4.5
A36: Sandhu | B36: $$ | C36: 25 | D36: Master Card, Visa, AMEX, Interac, ATM machine | E36: 4548 Avenue Papineau, Montreal, H2H 1V3 | F36: 45.533167 | G36: -73.575574 | H36: 4.5
A37: Snatch Restaurant | B37: $ | C37: 10 | D37: Master Card, Visa, AMEX, Interac | E37: 4675 Boulevard St-Laurent, Montreal, H2T 1R2 | F37: 45.521527 | G37: -73.589125 | H37: 5
A38: Café buvette Magnolia | B38: $$ | C38: 25 | D38: Master Card, Visa, AMEX, Interac, Mobile Payment, Contactless Payment | E38: 187 Avenue Mont-Royal E, Montreal, H2T 1P2 | F38: 45.522117 | G38: -73.584829 | H38: 4.5
A39: La Selva Restaurant Mexicain | B39: $ | C39: 10 | D39: Master Card, Visa, AMEX, Interac | E39: 862 Rue Marie-Anne E, Montreal, H2J 2A9 | F39: 45.525193 | G39: -73.57817 | H39: 5
A40: Ibéricos Taverne à Tapas Espagnoles | B40: $ & $$ | C40: 17.5 | E40: 4475 Rue Saint-Denis, Montreal, H2J 2L2 | F40: 45.523935 | G40: -73.582341 | H40: 4.5
A41: Le P'tit Plateau | B41: $$ | C41: 25 | D41: Master Card, Visa, AMEX, Interac | E41: 330 Rue Marie-Anne E, Montreal, H2W 1B1 | F41: 45.522214 | G41: -73.581027 | H41: 5
A42: Pho Mont-Royal | B42: $ | C42: 10 | D42: Master Card, Visa, Interac | E42: 1459 Avenue Mont-Royal, Montreal, H2J 1Y9 | F42: 45.531138 | G42: -73.576443 | H42: 5
A43: Diablos BBQ Smokehouse | B43: $$ & $$$ | C43: 31.25 | D43: Master Card, Visa, Interac | E43: 17 Rue Prince-Arthur E, Montreal, H2X 1B2 | F43: 45.514339 | G43: -73.572407 | H43: 4.5
A44: L'Oeufrier | B44: $ | C44: 10 | E44: 2017 Avenue du Mont-Royal E, Montreal, H2H 1J7 | F44: 45.534865 | G44: -73.573015 | H44: 4.5
A45: Le Bleu Raisin | B45: $$$ | C45: 37.5 | D45: Master Card, Visa, Interac | E45: 5237 Rue Saint-Denis, Montreal, H2J 2M1 | F45: 45.528002 | G45: -73.59126 | H45: 5
A46: Piel Canela | B46: $$ & $$$ | C46: 31.25 | D46: Master Card, Visa, AMEX, Interac, Mobile Payment, Contactless Payment | E46: 4542 Rue St-Denis, Montreal, H2J 2L3 | F46: 45.524189 | G46: -73.583753 | H46: 5
A47: Cuisine Pronto MTL | B47: $ | C47: 10 | D47: Master Card, Visa, AMEX, Interac, Mobile Payment, Contactless Payment | E47: 2025 Avenue Mont-Royal E, Montreal, H2H 1J7 | F47: 45.534972 | G47: -73.572913 | H47: 4.5
A48: Rôtisserie Coco Rico | B48: $ & $$ | C48: 17.5 | D48: Master Card, Visa, AMEX, Interac, Mobile Payment, Contactless Payment | E48: 3907 Boulevard St-Laurent, Montreal, H2W 1X9 | F48: 45.516458 | G48: -73.577665 | H48: 4.5
A49: Côba Sushi | B49: $$ & $$$ | C49: 31.25 | D49: Master Card, Visa, AMEX, Interac | E49: 1124 Avenue Laurier O, Montreal, H2V 2L4 | F49: 45.517077 | G49: -73.597811 | H49: 5
A50: Allô mon Coco | D50: #N/A | E50: 4448 Boulevard St-Laurent, Montreal, H2W 1Z5 | F50: 45.519866 | G50: -73.58614 | H50: 4.5
A51: Lobby Bar - Espace Locatif | C51: 25 | D51: Master Card, Visa, AMEX, Interac, ATM machine | E51: 4538 Rue Papineau, Montreal, H2H 1V3 | F51: 45.533118 | G51: -73.575498 | H51: 4.5
H52: =AVERAGE(Table2[Rating Value]) -> 4.77
